video_id,channel_id,publish_date,collection_date
mdFDFiFNdUg,UCWJ2lWNubArHWmf3FIHbfcQ,2018-11-05 20:59:14.000000,2019-12-29 16:13:34.174690
WkyjUET53Dw,UCWJ2lWNubArHWmf3FIHbfcQ,2018-11-05 20:59:24.000000,2019-12-29 16:13:34.174884
r2pAPk78-zs,UCWJ2lWNubArHWmf3FIHbfcQ,2018-11-05 20:59:33.000000,2019-12-29 16:13:34.175061
YK91As17ixg,UCWJ2lWNubArHWmf3FIHbfcQ,2018-11-05 20:59:43.000000,2019-12-29 16:13:34.175170
FI1PXg7_Ex0,UCWJ2lWNubArHWmf3FIHbfcQ,2018-11-05 20:59:57.000000,2019-12-29 16:13:34.175275
_7KhBZ3VtBc,UCWJ2lWNubArHWmf3FIHbfcQ,2018-11-05 21:00:06.000000,2019-12-29 16:13:34.175378
jcqut44iowU,UCWJ2lWNubArHWmf3FIHbfcQ,2018-11-05 21:00:18.000000,2019-12-29 16:13:34.175479
a0CUgVuY9UE,UCWJ2lWNubArHWmf3FIHbfcQ,2018-11-05 21:00:27.000000,2019-12-29 16:13:34.175581
z1BFOSaj_N0,UCWJ2lWNubArHWmf3FIHbfcQ,2018-11-05 21:00:34.000000,2019-12-29 16:13:34.175682
KxUsOyPwrS8,UCWJ2lWNubArHWmf3FIHbfcQ,2018-11-05 21:00:44.000000,2019-12-29 16:13:34.175783
xA-dkUjlJ9M,UCWJ2lWNubArHWmf3FIHbfcQ,2018-11-05 21:00:52.000000,2019-12-29 16:13:34.175884
rhF2g1hG2YA,UCWJ2lWNubArHWmf3FIHbfcQ,2018-11-05 21:01:01.000000,2019-12-29 16:13:34.175985
mzKBb5r8NNQ,UCWJ2lWNubArHWmf3FIHbfcQ,2018-11-05 21:01:10.000000,2019-12-29 16:13:34.176086
ufSHCVQ3Wc0,UCWJ2lWNubArHWmf3FIHbfcQ,2018-11-05 21:01:17.000000,2019-12-29 16:13:34.176186
BizUFX8OSjo,UCWJ2lWNubArHWmf3FIHbfcQ,2018-11-05 21:01:27.000000,2019-12-29 16:13:34.418528
V4sxA3_9Y24,UCWJ2lWNubArHWmf3FIHbfcQ,2018-11-05 21:01:35.000000,2019-12-29 16:13:34.418677
xmiubVc9XPc,UCWJ2lWNubArHWmf3FIHbfcQ,2018-11-05 21:01:48.000000,2019-12-29 16:13:34.418800
5wdouLFDPvk,UCWJ2lWNubArHWmf3FIHbfcQ,2018-11-05 21:01:57.000000,2019-12-29 16:13:34.418918
D03kXJdAkEk,UCWJ2lWNubArHWmf3FIHbfcQ,2018-11-05 21:02:04.000000,2019-12-29 16:13:34.419033
8sc2ncaHHd8,UCWJ2lWNubArHWmf3FIHbfcQ,2018-11-05 21:02:12.000000,2019-12-29 16:13:34.419146
Y29-VZJqZxw,UCWJ2lWNubArHWmf3FIHbfcQ,2018-11-06 19:21:52.000000,2019-12-29 16:13:34.174503
BNSK494NUWc,UCWJ2lWNubArHWmf3FIHbfcQ,2018-11-08 19:25:37.000000,2019-12-29 16:13:34.174374
JCgh6Ikd2pU,UCWJ2lWNubArHWmf3FIHbfcQ,2018-11-08 19:26:02.000000,2019-12-29 16:13:34.174269
pUmdHGfxve8,UCWJ2lWNubArHWmf3FIHbfcQ,2018-11-13 00:11:07.000000,2019-12-29 16:13:34.173963
IIuGUYmr_6Q,UCWJ2lWNubArHWmf3FIHbfcQ,2018-11-13 16:45:37.000000,2019-12-29 16:13:34.173482
4pBoRGv-uxY,UCWJ2lWNubArHWmf3FIHbfcQ,2018-11-14 19:57:47.000000,2019-12-29 16:13:34.173380
1q7dNtzugA4,UCWJ2lWNubArHWmf3FIHbfcQ,2018-12-06 19:28:06.000000,2019-12-29 16:13:34.171211
O4mP2pYIbME,UCWJ2lWNubArHWmf3FIHbfcQ,2018-12-06 19:28:27.000000,2019-12-29 16:13:34.171313
bV3WvRzYPyY,UCWJ2lWNubArHWmf3FIHbfcQ,2018-12-06 19:28:44.000000,2019-12-29 16:13:34.171415
Uw_c3hVnj6w,UCWJ2lWNubArHWmf3FIHbfcQ,2018-12-06 19:28:55.000000,2019-12-29 16:13:34.171518
ySPCWNsYLwI,UCWJ2lWNubArHWmf3FIHbfcQ,2018-12-06 19:29:08.000000,2019-12-29 16:13:34.171620
KVMDJfwz-dc,UCWJ2lWNubArHWmf3FIHbfcQ,2018-12-06 19:29:28.000000,2019-12-29 16:13:34.171722
WYfXTgjUy0c,UCWJ2lWNubArHWmf3FIHbfcQ,2018-12-06 19:29:38.000000,2019-12-29 16:13:34.171824
UTGO508EEvk,UCWJ2lWNubArHWmf3FIHbfcQ,2018-12-06 19:29:52.000000,2019-12-29 16:13:34.171927
2ySGmOd_vN8,UCWJ2lWNubArHWmf3FIHbfcQ,2018-12-06 19:30:22.000000,2019-12-29 16:13:34.172030
fOm_0yLQ4RY,UCWJ2lWNubArHWmf3FIHbfcQ,2018-12-06 19:30:29.000000,2019-12-29 16:13:34.172131
eQXDn9o6wXY,UCWJ2lWNubArHWmf3FIHbfcQ,2018-12-06 19:30:40.000000,2019-12-29 16:13:34.172232
_sVVvyOOoHE,UCWJ2lWNubArHWmf3FIHbfcQ,2018-12-06 19:30:49.000000,2019-12-29 16:13:34.172352
wdhPpVvIKEE,UCWJ2lWNubArHWmf3FIHbfcQ,2018-12-06 19:30:58.000000,2019-12-29 16:13:34.172459
YJHPhoy5MwI,UCWJ2lWNubArHWmf3FIHbfcQ,2018-12-06 19:31:05.000000,2019-12-29 16:13:34.172561
0Gt0uWMlRzo,UCWJ2lWNubArHWmf3FIHbfcQ,2018-12-06 19:31:16.000000,2019-12-29 16:13:34.172662
Ubi36BERx2w,UCWJ2lWNubArHWmf3FIHbfcQ,2018-12-06 19:31:24.000000,2019-12-29 16:13:34.172763
TYZV0tUv0ho,UCWJ2lWNubArHWmf3FIHbfcQ,2018-12-06 19:31:32.000000,2019-12-29 16:13:34.172866
iFcLDcB2lHY,UCWJ2lWNubArHWmf3FIHbfcQ,2018-12-06 19:31:40.000000,2019-12-29 16:13:34.172968
sqUIhoaJAoo,UCWJ2lWNubArHWmf3FIHbfcQ,2018-12-06 19:31:48.000000,2019-12-29 16:13:34.173071
Jx3Js3YzYT8,UCWJ2lWNubArHWmf3FIHbfcQ,2018-12-06 19:31:55.000000,2019-12-29 16:13:34.173174
jqIgVGL98do,UCWJ2lWNubArHWmf3FIHbfcQ,2018-12-06 19:32:04.000000,2019-12-29 16:13:34.173277
vcsPWOQE_qk,UCWJ2lWNubArHWmf3FIHbfcQ,2018-12-07 07:00:49.000000,2019-12-29 16:13:34.171108
-kDTlCv11h8,UCWJ2lWNubArHWmf3FIHbfcQ,2018-12-11 02:47:59.000000,2019-12-29 16:13:34.171005
m4-EoZgpAnU,UCWJ2lWNubArHWmf3FIHbfcQ,2018-12-11 02:48:59.000000,2019-12-29 16:13:34.170903
JXPDwdXAVyo,UCWJ2lWNubArHWmf3FIHbfcQ,2018-12-11 02:49:10.000000,2019-12-29 16:13:34.170799
hLzQcytx9XA,UCWJ2lWNubArHWmf3FIHbfcQ,2018-12-11 02:51:04.000000,2019-12-29 16:13:34.174140
DO7bNJTbDcQ,UCWJ2lWNubArHWmf3FIHbfcQ,2018-12-11 02:51:04.000000,2019-12-29 16:13:34.173644
dLBnDs2C5mk,UCWJ2lWNubArHWmf3FIHbfcQ,2018-12-11 02:51:04.000000,2019-12-29 16:13:34.173806
VhWzXpB_9Ak,UCWJ2lWNubArHWmf3FIHbfcQ,2018-12-11 08:30:33.000000,2019-12-29 16:13:34.170688
LvNSRB4dv0E,UCWJ2lWNubArHWmf3FIHbfcQ,2018-12-12 06:33:43.000000,2019-12-29 16:13:34.170560
XBs-loPK9Zg,UCWJ2lWNubArHWmf3FIHbfcQ,2018-12-13 07:07:36.000000,2019-12-29 16:13:33.729473
ODNPuFCfXjw,UCWJ2lWNubArHWmf3FIHbfcQ,2018-12-14 07:06:41.000000,2019-12-29 16:13:33.729383
Ph2zrZqKMjQ,UCWJ2lWNubArHWmf3FIHbfcQ,2018-12-15 07:26:52.000000,2019-12-29 16:13:33.729292
3_iYL8yrPS8,UCWJ2lWNubArHWmf3FIHbfcQ,2018-12-16 05:54:17.000000,2019-12-29 16:13:33.729175
hwxsBzOnrs0,UCWJ2lWNubArHWmf3FIHbfcQ,2018-12-17 05:26:26.000000,2019-12-29 16:13:33.729084
yAEtPEYo8dQ,UCWJ2lWNubArHWmf3FIHbfcQ,2018-12-18 06:58:57.000000,2019-12-29 16:13:33.728995
QBrTqUSzMt8,UCWJ2lWNubArHWmf3FIHbfcQ,2018-12-19 05:58:57.000000,2019-12-29 16:13:33.728905
nMJkGwlaFUk,UCWJ2lWNubArHWmf3FIHbfcQ,2018-12-20 06:41:06.000000,2019-12-29 16:13:33.728815
ZDDUGYxEyhY,UCWJ2lWNubArHWmf3FIHbfcQ,2018-12-21 07:06:09.000000,2019-12-29 16:13:33.728724
o25wbtQXsbc,UCWJ2lWNubArHWmf3FIHbfcQ,2018-12-22 07:07:30.000000,2019-12-29 16:13:33.728633
_8oOkj9cOkM,UCWJ2lWNubArHWmf3FIHbfcQ,2018-12-23 06:20:16.000000,2019-12-29 16:13:33.728543
EeBxbN0KQc4,UCWJ2lWNubArHWmf3FIHbfcQ,2018-12-24 06:27:56.000000,2019-12-29 16:13:33.728452
VK9fD_Ot_rM,UCWJ2lWNubArHWmf3FIHbfcQ,2018-12-26 07:34:59.000000,2019-12-29 16:13:33.728358
TEWj_RG5SXw,UCWJ2lWNubArHWmf3FIHbfcQ,2018-12-27 07:41:38.000000,2019-12-29 16:13:33.728252
2nQ9CmLBmNI,UCWJ2lWNubArHWmf3FIHbfcQ,2018-12-28 08:30:12.000000,2019-12-29 16:13:33.728162
HiMKJhGPlGY,UCWJ2lWNubArHWmf3FIHbfcQ,2018-12-29 07:45:11.000000,2019-12-29 16:13:33.728071
GFZhUbCElgQ,UCWJ2lWNubArHWmf3FIHbfcQ,2018-12-30 07:49:54.000000,2019-12-29 16:13:33.727980
5ITekRoCEHo,UCWJ2lWNubArHWmf3FIHbfcQ,2018-12-31 06:30:12.000000,2019-12-29 16:13:33.727890
nIiOxdMN5Oo,UCWJ2lWNubArHWmf3FIHbfcQ,2019-01-01 06:05:52.000000,2019-12-29 16:13:33.727799
5u2f3odzsKg,UCWJ2lWNubArHWmf3FIHbfcQ,2019-01-02 07:20:56.000000,2019-12-29 16:13:33.727709
IE36vl0WDS4,UCWJ2lWNubArHWmf3FIHbfcQ,2019-01-03 07:23:44.000000,2019-12-29 16:13:33.727620
j-zh90N77uk,UCWJ2lWNubArHWmf3FIHbfcQ,2019-01-04 08:30:17.000000,2019-12-29 16:13:33.727530
pZ9cxB4Kpu4,UCWJ2lWNubArHWmf3FIHbfcQ,2019-01-05 07:37:02.000000,2019-12-29 16:13:33.727440
2Oft_jLXIG8,UCWJ2lWNubArHWmf3FIHbfcQ,2019-01-06 07:31:07.000000,2019-12-29 16:13:33.727349
Ybjvx3bfxC0,UCWJ2lWNubArHWmf3FIHbfcQ,2019-01-07 05:42:48.000000,2019-12-29 16:13:33.727259
Df2mtuHKtVE,UCWJ2lWNubArHWmf3FIHbfcQ,2019-01-08 07:04:08.000000,2019-12-29 16:13:33.727169
LxpfHadDn_s,UCWJ2lWNubArHWmf3FIHbfcQ,2019-01-09 08:13:48.000000,2019-12-29 16:13:33.727078
I33ru3gqK7g,UCWJ2lWNubArHWmf3FIHbfcQ,2019-01-10 07:14:05.000000,2019-12-29 16:13:33.726989
qUKWgrLh19c,UCWJ2lWNubArHWmf3FIHbfcQ,2019-01-11 07:38:10.000000,2019-12-29 16:13:33.726900
uEF5OkYuDl0,UCWJ2lWNubArHWmf3FIHbfcQ,2019-01-12 07:51:59.000000,2019-12-29 16:13:33.726811
63_m65sK7oQ,UCWJ2lWNubArHWmf3FIHbfcQ,2019-01-13 07:46:54.000000,2019-12-29 16:13:33.726722
_5JStrC8CPg,UCWJ2lWNubArHWmf3FIHbfcQ,2019-01-14 06:05:33.000000,2019-12-29 16:13:33.726632
dlSBK0Alaqc,UCWJ2lWNubArHWmf3FIHbfcQ,2019-01-15 07:18:50.000000,2019-12-29 16:13:33.726542
5QeDyNTF2Bs,UCWJ2lWNubArHWmf3FIHbfcQ,2019-01-16 07:23:36.000000,2019-12-29 16:13:33.726451
iLErBlAtp5k,UCWJ2lWNubArHWmf3FIHbfcQ,2019-01-17 07:55:35.000000,2019-12-29 16:13:33.726362
yVpaYTKZa_c,UCWJ2lWNubArHWmf3FIHbfcQ,2019-01-18 06:39:58.000000,2019-12-29 16:13:33.726271
mqHyJ2TQiY4,UCWJ2lWNubArHWmf3FIHbfcQ,2019-01-19 07:32:17.000000,2019-12-29 16:13:33.726181
D5E1yHkkh_Q,UCWJ2lWNubArHWmf3FIHbfcQ,2019-01-20 07:38:33.000000,2019-12-29 16:13:33.726091
LjeIiaBrfZA,UCWJ2lWNubArHWmf3FIHbfcQ,2019-01-21 05:30:39.000000,2019-12-29 16:13:33.726001
PYFvX1H7I80,UCWJ2lWNubArHWmf3FIHbfcQ,2019-01-22 07:21:27.000000,2019-12-29 16:13:33.725911
ARgHZhtej2U,UCWJ2lWNubArHWmf3FIHbfcQ,2019-01-23 15:28:12.000000,2019-12-29 16:13:33.725821
YTqNzcatM7w,UCWJ2lWNubArHWmf3FIHbfcQ,2019-01-24 06:55:19.000000,2019-12-29 16:13:33.725731
XczrJEhzqg0,UCWJ2lWNubArHWmf3FIHbfcQ,2019-01-25 07:35:10.000000,2019-12-29 16:13:33.725642
eqUgImNikC8,UCWJ2lWNubArHWmf3FIHbfcQ,2019-01-26 06:19:39.000000,2019-12-29 16:13:33.725553
Wj-xg8GOTJQ,UCWJ2lWNubArHWmf3FIHbfcQ,2019-01-27 06:39:48.000000,2019-12-29 16:13:33.725463
A9jLXgkmW6k,UCWJ2lWNubArHWmf3FIHbfcQ,2019-01-28 05:51:09.000000,2019-12-29 16:13:33.725372
iUx47KO23hw,UCWJ2lWNubArHWmf3FIHbfcQ,2019-01-29 06:51:30.000000,2019-12-29 16:13:33.725281
NyfkaOSqkIE,UCWJ2lWNubArHWmf3FIHbfcQ,2019-01-30 06:39:23.000000,2019-12-29 16:13:33.725189
SvV0UF0wXMY,UCWJ2lWNubArHWmf3FIHbfcQ,2019-01-31 07:01:35.000000,2019-12-29 16:13:33.725093
x5hcx2gjGuQ,UCWJ2lWNubArHWmf3FIHbfcQ,2019-02-01 07:33:16.000000,2019-12-29 16:13:33.724979
hNou4K9D1s4,UCWJ2lWNubArHWmf3FIHbfcQ,2019-02-02 06:45:04.000000,2019-12-29 16:13:33.289623
axmZZjQjGig,UCWJ2lWNubArHWmf3FIHbfcQ,2019-02-03 07:10:58.000000,2019-12-29 16:13:33.289554
OrtpBm7X_fc,UCWJ2lWNubArHWmf3FIHbfcQ,2019-02-03 23:30:55.000000,2019-12-29 16:13:33.289488
4h9QjfamHAE,UCWJ2lWNubArHWmf3FIHbfcQ,2019-02-05 06:53:38.000000,2019-12-29 16:13:33.289421
wYGScy3dfQI,UCWJ2lWNubArHWmf3FIHbfcQ,2019-02-06 07:49:03.000000,2019-12-29 16:13:33.289353
drhD77My0rM,UCWJ2lWNubArHWmf3FIHbfcQ,2019-02-07 07:33:00.000000,2019-12-29 16:13:33.289285
QOScfwSOT20,UCWJ2lWNubArHWmf3FIHbfcQ,2019-02-08 07:45:51.000000,2019-12-29 16:13:33.289218
g0L4w304Ymo,UCWJ2lWNubArHWmf3FIHbfcQ,2019-02-09 06:39:33.000000,2019-12-29 16:13:33.289150
qkE2SDV2NpQ,UCWJ2lWNubArHWmf3FIHbfcQ,2019-02-10 06:21:43.000000,2019-12-29 16:13:33.289081
c3f75ZhTMSM,UCWJ2lWNubArHWmf3FIHbfcQ,2019-02-11 05:54:36.000000,2019-12-29 16:13:33.289004
-xR0-jmJPzk,UCWJ2lWNubArHWmf3FIHbfcQ,2019-02-12 06:05:49.000000,2019-12-29 16:13:33.288872
pCOt86vIjRs,UCWJ2lWNubArHWmf3FIHbfcQ,2019-02-13 06:42:56.000000,2019-12-29 16:13:33.288749
g_ITwGetIUc,UCWJ2lWNubArHWmf3FIHbfcQ,2019-02-14 07:36:53.000000,2019-12-29 16:13:33.288623
3Ry60ABn-aI,UCWJ2lWNubArHWmf3FIHbfcQ,2019-02-15 06:21:40.000000,2019-12-29 16:13:33.288523
uiz6eAv3-hA,UCWJ2lWNubArHWmf3FIHbfcQ,2019-02-18 18:00:29.000000,2019-12-29 16:13:33.288421
Z5AV-ZEpBVs,UCWJ2lWNubArHWmf3FIHbfcQ,2019-02-18 20:00:20.000000,2019-12-29 16:13:33.288346
L-nL_3z9l7A,UCWJ2lWNubArHWmf3FIHbfcQ,2019-02-18 23:00:19.000000,2019-12-29 16:13:33.288260
OxuF-G1l5l0,UCWJ2lWNubArHWmf3FIHbfcQ,2019-02-22 07:40:36.000000,2019-12-29 16:13:33.288192
at3YFVF7EyE,UCWJ2lWNubArHWmf3FIHbfcQ,2019-02-23 07:27:37.000000,2019-12-29 16:13:33.288125
katEXj_XOws,UCWJ2lWNubArHWmf3FIHbfcQ,2019-02-24 06:46:56.000000,2019-12-29 16:13:33.288057
KXHobu3x3rA,UCWJ2lWNubArHWmf3FIHbfcQ,2019-02-25 03:47:14.000000,2019-12-29 16:13:33.287989
RKxV2ZFRdjw,UCWJ2lWNubArHWmf3FIHbfcQ,2019-02-26 06:44:41.000000,2019-12-29 16:13:33.287919
KMCIYquC2ZY,UCWJ2lWNubArHWmf3FIHbfcQ,2019-02-27 07:28:16.000000,2019-12-29 16:13:33.287846
8cftEgsnC6M,UCWJ2lWNubArHWmf3FIHbfcQ,2019-02-28 07:18:45.000000,2019-12-29 16:13:33.287716
Dm7JxdZ-RWo,UCWJ2lWNubArHWmf3FIHbfcQ,2019-03-01 07:02:55.000000,2019-12-29 16:13:33.287595
HMggxIr0jFM,UCWJ2lWNubArHWmf3FIHbfcQ,2019-03-02 07:32:39.000000,2019-12-29 16:13:33.287494
BpMZ3vZzwgc,UCWJ2lWNubArHWmf3FIHbfcQ,2019-03-03 05:55:04.000000,2019-12-29 16:13:33.287384
levqpPHmBbw,UCWJ2lWNubArHWmf3FIHbfcQ,2019-03-04 04:13:44.000000,2019-12-29 16:13:33.287257
8kKjBMk781I,UCWJ2lWNubArHWmf3FIHbfcQ,2019-03-05 07:00:26.000000,2019-12-29 16:13:33.287041
Ge-JXc4y5cY,UCWJ2lWNubArHWmf3FIHbfcQ,2019-03-07 07:16:48.000000,2019-12-29 16:13:33.286856
HCPlTPSKjP0,UCWJ2lWNubArHWmf3FIHbfcQ,2019-03-08 08:02:11.000000,2019-12-29 16:13:33.286562
BsQSBgrlAiM,UCWJ2lWNubArHWmf3FIHbfcQ,2019-03-09 07:14:59.000000,2019-12-29 16:13:33.286366
lu753QzF9Jo,UCWJ2lWNubArHWmf3FIHbfcQ,2019-03-10 06:49:35.000000,2019-12-29 16:13:33.286175
5SWOCx8ebg8,UCWJ2lWNubArHWmf3FIHbfcQ,2019-03-11 04:37:12.000000,2019-12-29 16:13:33.285972
g_AxMF085Ew,UCWJ2lWNubArHWmf3FIHbfcQ,2019-03-12 06:29:17.000000,2019-12-29 16:13:33.285882
E_uxMrhbNtY,UCWJ2lWNubArHWmf3FIHbfcQ,2019-03-13 06:39:49.000000,2019-12-29 16:13:33.285816
FZZjL3sUDME,UCWJ2lWNubArHWmf3FIHbfcQ,2019-03-14 06:19:56.000000,2019-12-29 16:13:33.285750
DvImEG9Lk6c,UCWJ2lWNubArHWmf3FIHbfcQ,2019-03-15 06:27:27.000000,2019-12-29 16:13:33.285683
J679JYEiDzE,UCWJ2lWNubArHWmf3FIHbfcQ,2019-03-16 06:17:09.000000,2019-12-29 16:13:33.285616
fDuH3oD9Hik,UCWJ2lWNubArHWmf3FIHbfcQ,2019-03-17 07:02:10.000000,2019-12-29 16:13:33.285548
b26T0qyOowY,UCWJ2lWNubArHWmf3FIHbfcQ,2019-03-18 06:03:39.000000,2019-12-29 16:13:33.285480
B0gtZGrEe4Y,UCWJ2lWNubArHWmf3FIHbfcQ,2019-03-19 06:05:13.000000,2019-12-29 16:13:33.285413
gwJYIlx09gM,UCWJ2lWNubArHWmf3FIHbfcQ,2019-03-20 06:54:46.000000,2019-12-29 16:13:33.285304
RbC_o7kMXTc,UCWJ2lWNubArHWmf3FIHbfcQ,2019-03-21 05:45:13.000000,2019-12-29 16:13:33.285236
KqIs7TAT3jw,UCWJ2lWNubArHWmf3FIHbfcQ,2019-03-22 06:45:33.000000,2019-12-29 16:13:33.285169
e4kEWrHp21Q,UCWJ2lWNubArHWmf3FIHbfcQ,2019-03-23 05:45:16.000000,2019-12-29 16:13:33.285102
J17UUWnuyuM,UCWJ2lWNubArHWmf3FIHbfcQ,2019-03-24 05:48:22.000000,2019-12-29 16:13:33.285034
ZS_9ZRIxcMA,UCWJ2lWNubArHWmf3FIHbfcQ,2019-03-25 05:25:06.000000,2019-12-29 16:13:33.284965
17k47lYKXqM,UCWJ2lWNubArHWmf3FIHbfcQ,2019-03-26 06:27:31.000000,2019-12-29 16:13:33.284895
VQcAHggfSrE,UCWJ2lWNubArHWmf3FIHbfcQ,2019-03-27 06:09:54.000000,2019-12-29 16:13:33.284811
Ph4IgurslhU,UCWJ2lWNubArHWmf3FIHbfcQ,2019-03-28 06:19:32.000000,2019-12-29 16:13:32.679816
LfUbjAqJoSU,UCWJ2lWNubArHWmf3FIHbfcQ,2019-03-29 04:06:38.000000,2019-12-29 16:13:32.679698
J-R9msdJTVk,UCWJ2lWNubArHWmf3FIHbfcQ,2019-03-30 05:49:40.000000,2019-12-29 16:13:32.679582
pE-j-6BnYBc,UCWJ2lWNubArHWmf3FIHbfcQ,2019-03-31 05:44:51.000000,2019-12-29 16:13:32.679466
42jasxN9MOI,UCWJ2lWNubArHWmf3FIHbfcQ,2019-04-01 06:05:13.000000,2019-12-29 16:13:32.679349
994c7Tq0KRM,UCWJ2lWNubArHWmf3FIHbfcQ,2019-04-02 06:01:54.000000,2019-12-29 16:13:32.679233
t5D7qGhVglM,UCWJ2lWNubArHWmf3FIHbfcQ,2019-04-03 06:16:04.000000,2019-12-29 16:13:32.679116
D8VUmgNCZzQ,UCWJ2lWNubArHWmf3FIHbfcQ,2019-04-04 06:23:37.000000,2019-12-29 16:13:32.678999
97EThSiZMZ4,UCWJ2lWNubArHWmf3FIHbfcQ,2019-04-05 05:47:17.000000,2019-12-29 16:13:32.678881
uaul-s-L6a8,UCWJ2lWNubArHWmf3FIHbfcQ,2019-04-06 06:24:59.000000,2019-12-29 16:13:32.678764
2vU3HtbJw9k,UCWJ2lWNubArHWmf3FIHbfcQ,2019-04-07 03:15:25.000000,2019-12-29 16:13:32.678648
9QIKja94f3s,UCWJ2lWNubArHWmf3FIHbfcQ,2019-04-08 04:59:20.000000,2019-12-29 16:13:32.678530
_NvmpVHxs7o,UCWJ2lWNubArHWmf3FIHbfcQ,2019-04-10 06:32:57.000000,2019-12-29 16:13:32.678413
QiqnwnCSdp0,UCWJ2lWNubArHWmf3FIHbfcQ,2019-04-11 06:52:09.000000,2019-12-29 16:13:32.678297
_LdFfQgFnh0,UCWJ2lWNubArHWmf3FIHbfcQ,2019-04-14 06:51:59.000000,2019-12-29 16:13:32.678181
iDhjAw74GRE,UCWJ2lWNubArHWmf3FIHbfcQ,2019-04-15 05:06:13.000000,2019-12-29 16:13:32.678064
nUeVbtOKd_Y,UCWJ2lWNubArHWmf3FIHbfcQ,2019-04-16 07:37:14.000000,2019-12-29 16:13:32.677948
G09kjwRxYqc,UCWJ2lWNubArHWmf3FIHbfcQ,2019-04-17 05:59:52.000000,2019-12-29 16:13:32.677831
G-0gYgdX8zs,UCWJ2lWNubArHWmf3FIHbfcQ,2019-04-18 05:00:52.000000,2019-12-29 16:13:32.677715
h0qfKL63v3s,UCWJ2lWNubArHWmf3FIHbfcQ,2019-04-19 06:18:45.000000,2019-12-29 16:13:32.677597
LBzwaWLKq5s,UCWJ2lWNubArHWmf3FIHbfcQ,2019-04-20 05:09:15.000000,2019-12-29 16:13:32.677482
NspUEP3jqac,UCWJ2lWNubArHWmf3FIHbfcQ,2019-04-21 06:18:50.000000,2019-12-29 16:13:32.677366
s5RfqwlEQUA,UCWJ2lWNubArHWmf3FIHbfcQ,2019-04-22 05:24:47.000000,2019-12-29 16:13:32.677249
lSNlVw2qU_Q,UCWJ2lWNubArHWmf3FIHbfcQ,2019-04-23 06:35:12.000000,2019-12-29 16:13:32.677133
wqWtbIcQc14,UCWJ2lWNubArHWmf3FIHbfcQ,2019-04-24 07:17:03.000000,2019-12-29 16:13:32.677016
2H-8PUHoLqk,UCWJ2lWNubArHWmf3FIHbfcQ,2019-04-25 06:03:18.000000,2019-12-29 16:13:32.676894
IJVlDcPpSao,UCWJ2lWNubArHWmf3FIHbfcQ,2019-04-26 05:16:02.000000,2019-12-29 16:13:32.676746
1llG5iCE7JI,UCWJ2lWNubArHWmf3FIHbfcQ,2019-04-27 05:39:33.000000,2019-12-29 16:13:32.676626
deYqI-0bQVQ,UCWJ2lWNubArHWmf3FIHbfcQ,2019-04-28 06:13:34.000000,2019-12-29 16:13:32.676511
O7A10awUbvI,UCWJ2lWNubArHWmf3FIHbfcQ,2019-04-28 23:39:28.000000,2019-12-29 16:13:32.676391
goajBcj9CRA,UCWJ2lWNubArHWmf3FIHbfcQ,2019-04-30 06:15:55.000000,2019-12-29 16:13:32.676252
wONOVZopImc,UCWJ2lWNubArHWmf3FIHbfcQ,2019-05-01 06:15:35.000000,2019-12-29 16:13:32.676136
Ltj1VIH0yjc,UCWJ2lWNubArHWmf3FIHbfcQ,2019-05-02 05:10:50.000000,2019-12-29 16:13:32.676020
Csu4Z_UOsyg,UCWJ2lWNubArHWmf3FIHbfcQ,2019-05-03 03:54:13.000000,2019-12-29 16:13:32.675904
8skJ8wj9G_U,UCWJ2lWNubArHWmf3FIHbfcQ,2019-05-04 07:54:48.000000,2019-12-29 16:13:32.675787
Ak_AZLDnJ0U,UCWJ2lWNubArHWmf3FIHbfcQ,2019-05-05 06:10:51.000000,2019-12-29 16:13:32.675670
XX7lXSc2Wts,UCWJ2lWNubArHWmf3FIHbfcQ,2019-05-06 03:06:09.000000,2019-12-29 16:13:32.675552
AVDnOnl4EUg,UCWJ2lWNubArHWmf3FIHbfcQ,2019-05-07 05:51:54.000000,2019-12-29 16:13:32.675433
PgCXViRMh5o,UCWJ2lWNubArHWmf3FIHbfcQ,2019-05-08 06:17:40.000000,2019-12-29 16:13:32.675314
zEpICmXlCeE,UCWJ2lWNubArHWmf3FIHbfcQ,2019-05-09 06:09:52.000000,2019-12-29 16:13:32.675196
cCRLdXuw1IQ,UCWJ2lWNubArHWmf3FIHbfcQ,2019-05-10 06:49:02.000000,2019-12-29 16:13:32.675079
libH8fKCL4M,UCWJ2lWNubArHWmf3FIHbfcQ,2019-05-11 05:07:48.000000,2019-12-29 16:13:32.674960
as5jU6ltkaE,UCWJ2lWNubArHWmf3FIHbfcQ,2019-05-13 04:46:59.000000,2019-12-29 16:13:32.674845
gebnHR-6A-0,UCWJ2lWNubArHWmf3FIHbfcQ,2019-05-15 05:37:03.000000,2019-12-29 16:13:32.674728
f_q7qbvERzg,UCWJ2lWNubArHWmf3FIHbfcQ,2019-05-16 04:33:08.000000,2019-12-29 16:13:32.674611
M_T4xemKIQc,UCWJ2lWNubArHWmf3FIHbfcQ,2019-05-17 04:36:16.000000,2019-12-29 16:13:32.674493
EL072nmBdBI,UCWJ2lWNubArHWmf3FIHbfcQ,2019-05-18 04:29:44.000000,2019-12-29 16:13:32.674374
eJM5FkCYsbM,UCWJ2lWNubArHWmf3FIHbfcQ,2019-05-19 04:56:45.000000,2019-12-29 16:13:32.674255
0HMue2wQMLk,UCWJ2lWNubArHWmf3FIHbfcQ,2019-05-20 03:55:21.000000,2019-12-29 16:13:32.674131
Q_TQTBnHhRA,UCWJ2lWNubArHWmf3FIHbfcQ,2019-05-21 06:14:33.000000,2019-12-29 16:13:32.673982
8IJwoD0pD9E,UCWJ2lWNubArHWmf3FIHbfcQ,2019-05-22 05:20:56.000000,2019-12-29 16:13:32.189077
wy-PS3ztz24,UCWJ2lWNubArHWmf3FIHbfcQ,2019-05-24 04:39:05.000000,2019-12-29 16:13:32.189037
RGWu6x0oG-w,UCWJ2lWNubArHWmf3FIHbfcQ,2019-05-26 06:28:30.000000,2019-12-29 16:13:32.188989
FlREse4m8sc,UCWJ2lWNubArHWmf3FIHbfcQ,2019-05-31 05:28:12.000000,2019-12-29 16:13:32.188936
UiVlpOtbROM,UCWJ2lWNubArHWmf3FIHbfcQ,2019-06-03 04:39:07.000000,2019-12-29 16:13:32.188903
G9xtz7W2_Cg,UCWJ2lWNubArHWmf3FIHbfcQ,2019-06-06 05:35:30.000000,2019-12-29 16:13:32.188869
0BR2QBSKwaY,UCWJ2lWNubArHWmf3FIHbfcQ,2019-06-08 05:30:31.000000,2019-12-29 16:13:32.188836
u_edliCyfKA,UCWJ2lWNubArHWmf3FIHbfcQ,2019-06-11 05:23:40.000000,2019-12-29 16:13:32.188803
neYKt5vs5iQ,UCWJ2lWNubArHWmf3FIHbfcQ,2019-06-14 06:15:59.000000,2019-12-29 16:13:32.188769
Q8pmSzktX7o,UCWJ2lWNubArHWmf3FIHbfcQ,2019-10-23 03:32:28.000000,2019-12-29 16:13:31.711621
lfp7s7MbCFg,UCWJ2lWNubArHWmf3FIHbfcQ,2019-10-23 03:32:28.000000,2019-12-29 16:13:31.711710
aU5YYGmw1H4,UCWJ2lWNubArHWmf3FIHbfcQ,2019-10-23 03:32:28.000000,2019-12-29 16:13:31.711800
v4vXaeMDoYI,UCWJ2lWNubArHWmf3FIHbfcQ,2019-10-23 03:32:28.000000,2019-12-29 16:13:31.711891
6T-0BUSjVFM,UCWJ2lWNubArHWmf3FIHbfcQ,2019-10-23 03:32:28.000000,2019-12-29 16:13:31.711981
Zfi9YG8CWys,UCWJ2lWNubArHWmf3FIHbfcQ,2019-10-23 03:32:28.000000,2019-12-29 16:13:31.712074
GAukrXpZ0DI,UCWJ2lWNubArHWmf3FIHbfcQ,2019-10-23 03:32:28.000000,2019-12-29 16:13:31.712164
Pg6KW4WoB_8,UCWJ2lWNubArHWmf3FIHbfcQ,2019-10-23 03:32:28.000000,2019-12-29 16:13:31.712361
hvk5o3McGQo,UCWJ2lWNubArHWmf3FIHbfcQ,2019-10-23 03:32:28.000000,2019-12-29 16:13:31.712456
31XYiX3lDp8,UCWJ2lWNubArHWmf3FIHbfcQ,2019-10-23 03:32:28.000000,2019-12-29 16:13:31.712548
d_kq6Y93ik0,UCWJ2lWNubArHWmf3FIHbfcQ,2019-10-23 03:32:28.000000,2019-12-29 16:13:31.712637
K24dS5BmzmA,UCWJ2lWNubArHWmf3FIHbfcQ,2019-10-23 03:32:28.000000,2019-12-29 16:13:31.712728
jhGBk5-RXQk,UCWJ2lWNubArHWmf3FIHbfcQ,2019-10-23 03:32:28.000000,2019-12-29 16:13:31.712820
wlcJwVCi7mw,UCWJ2lWNubArHWmf3FIHbfcQ,2019-10-23 03:32:28.000000,2019-12-29 16:13:31.712254
6nCP-b6aY0I,UCWJ2lWNubArHWmf3FIHbfcQ,2019-10-23 03:32:28.000000,2019-12-29 16:13:31.712910
QPrB5gqSUoo,UCWJ2lWNubArHWmf3FIHbfcQ,2019-10-23 06:35:22.000000,2019-12-29 16:13:31.711531
T-pIWI77CEI,UCWJ2lWNubArHWmf3FIHbfcQ,2019-10-25 04:34:34.000000,2019-12-29 16:13:31.711441
5U9SsSkd4z0,UCWJ2lWNubArHWmf3FIHbfcQ,2019-10-25 20:06:11.000000,2019-12-29 16:13:32.188720
5U9SsSkd4z0,UCWJ2lWNubArHWmf3FIHbfcQ,2019-10-26 03:42:30.000000,2019-12-29 16:13:31.711351
RzzJXnTQpqU,UCWJ2lWNubArHWmf3FIHbfcQ,2019-10-26 07:57:01.000000,2019-12-29 16:13:31.711261
KLG60z3fQ8U,UCWJ2lWNubArHWmf3FIHbfcQ,2019-10-27 07:23:59.000000,2019-12-29 16:13:31.711170
FBthWis3PU4,UCWJ2lWNubArHWmf3FIHbfcQ,2019-10-28 05:16:14.000000,2019-12-29 16:13:31.711081
FBthWis3PU4,UCWJ2lWNubArHWmf3FIHbfcQ,2019-10-28 05:16:16.000000,2019-12-29 16:13:32.188674
5wQR7dw1U30,UCWJ2lWNubArHWmf3FIHbfcQ,2019-10-29 06:26:24.000000,2019-12-29 16:13:32.188606
5wQR7dw1U30,UCWJ2lWNubArHWmf3FIHbfcQ,2019-10-29 06:26:28.000000,2019-12-29 16:13:31.710990
_RNsOlkMGsM,UCWJ2lWNubArHWmf3FIHbfcQ,2019-10-30 07:33:39.000000,2019-12-29 16:13:31.710899
AvcGWlyzGvI,UCWJ2lWNubArHWmf3FIHbfcQ,2019-10-31 06:39:27.000000,2019-12-29 16:13:32.188552
AvcGWlyzGvI,UCWJ2lWNubArHWmf3FIHbfcQ,2019-10-31 06:39:29.000000,2019-12-29 16:13:31.710808
W4BwhhqJdB0,UCWJ2lWNubArHWmf3FIHbfcQ,2019-11-01 06:06:53.000000,2019-12-29 16:13:31.710715
W4BwhhqJdB0,UCWJ2lWNubArHWmf3FIHbfcQ,2019-11-01 06:10:13.000000,2019-12-29 16:13:32.188512
M2HGCDCLRRs,UCWJ2lWNubArHWmf3FIHbfcQ,2019-11-02 06:47:17.000000,2019-12-29 16:13:32.188471
efVg0kAjKns,UCWJ2lWNubArHWmf3FIHbfcQ,2019-11-03 07:00:12.000000,2019-12-29 16:13:32.188430
M2HGCDCLRRs,UCWJ2lWNubArHWmf3FIHbfcQ,2019-11-04 03:49:00.000000,2019-12-29 16:13:31.710624
efVg0kAjKns,UCWJ2lWNubArHWmf3FIHbfcQ,2019-11-04 03:49:00.000000,2019-12-29 16:13:31.710534
yuGDr7WMB-Q,UCWJ2lWNubArHWmf3FIHbfcQ,2019-11-04 05:39:17.000000,2019-12-29 16:13:31.710442
yuGDr7WMB-Q,UCWJ2lWNubArHWmf3FIHbfcQ,2019-11-04 05:39:17.000000,2019-12-29 16:13:32.188389
PdePIIhZC9k,UCWJ2lWNubArHWmf3FIHbfcQ,2019-11-05 07:12:53.000000,2019-12-29 16:13:31.710351
PdePIIhZC9k,UCWJ2lWNubArHWmf3FIHbfcQ,2019-11-05 07:13:46.000000,2019-12-29 16:13:32.188306
oyR_eaydjiw,UCWJ2lWNubArHWmf3FIHbfcQ,2019-11-06 06:19:12.000000,2019-12-29 16:13:31.710259
oyR_eaydjiw,UCWJ2lWNubArHWmf3FIHbfcQ,2019-11-06 06:19:20.000000,2019-12-29 16:13:32.188266
mW26rtRjfNw,UCWJ2lWNubArHWmf3FIHbfcQ,2019-11-07 07:05:39.000000,2019-12-29 16:13:31.710165
mW26rtRjfNw,UCWJ2lWNubArHWmf3FIHbfcQ,2019-11-07 07:05:43.000000,2019-12-29 16:13:32.188226
5KRkmlSkAJI,UCWJ2lWNubArHWmf3FIHbfcQ,2019-11-08 08:11:55.000000,2019-12-29 16:13:32.188186
5KRkmlSkAJI,UCWJ2lWNubArHWmf3FIHbfcQ,2019-11-08 08:11:56.000000,2019-12-29 16:13:31.710067
uvyqVZFxSqc,UCWJ2lWNubArHWmf3FIHbfcQ,2019-11-09 07:54:36.000000,2019-12-29 16:13:32.188146
uvyqVZFxSqc,UCWJ2lWNubArHWmf3FIHbfcQ,2019-11-09 07:54:37.000000,2019-12-29 16:13:31.709950
e0KFjHLTd9U,UCWJ2lWNubArHWmf3FIHbfcQ,2019-11-10 05:50:56.000000,2019-12-29 16:13:31.387290
tDobKkMfPqg,UCWJ2lWNubArHWmf3FIHbfcQ,2019-11-12 08:59:09.000000,2019-12-29 16:13:31.387177
tDobKkMfPqg,UCWJ2lWNubArHWmf3FIHbfcQ,2019-11-12 08:59:35.000000,2019-12-29 16:13:32.188105
JH0miu8yLtE,UCWJ2lWNubArHWmf3FIHbfcQ,2019-11-12 22:56:17.000000,2019-12-29 16:13:31.387064
hDwx7CrP4mk,UCWJ2lWNubArHWmf3FIHbfcQ,2019-11-13 07:08:08.000000,2019-12-29 16:13:31.386950
hDwx7CrP4mk,UCWJ2lWNubArHWmf3FIHbfcQ,2019-11-13 07:11:21.000000,2019-12-29 16:13:32.188066
MEZarp_llFk,UCWJ2lWNubArHWmf3FIHbfcQ,2019-11-14 06:49:53.000000,2019-12-29 16:13:31.386836
vajwVVKXrsw,UCWJ2lWNubArHWmf3FIHbfcQ,2019-11-15 08:11:45.000000,2019-12-29 16:13:31.386723
vajwVVKXrsw,UCWJ2lWNubArHWmf3FIHbfcQ,2019-11-15 08:12:47.000000,2019-12-29 16:13:32.188025
1tYXbB_8pjg,UCWJ2lWNubArHWmf3FIHbfcQ,2019-11-16 07:53:55.000000,2019-12-29 16:13:31.386610
1tYXbB_8pjg,UCWJ2lWNubArHWmf3FIHbfcQ,2019-11-16 07:54:36.000000,2019-12-29 16:13:32.187985
TeBW-WByzlw,UCWJ2lWNubArHWmf3FIHbfcQ,2019-11-17 07:11:16.000000,2019-12-29 16:13:31.386496
TeBW-WByzlw,UCWJ2lWNubArHWmf3FIHbfcQ,2019-11-17 07:11:37.000000,2019-12-29 16:13:32.187945
zcez2uVOFNI,UCWJ2lWNubArHWmf3FIHbfcQ,2019-11-18 06:33:42.000000,2019-12-29 16:13:31.386383
giLrg63WsRQ,UCWJ2lWNubArHWmf3FIHbfcQ,2019-11-19 08:30:16.000000,2019-12-29 16:13:32.187905
giLrg63WsRQ,UCWJ2lWNubArHWmf3FIHbfcQ,2019-11-19 08:30:17.000000,2019-12-29 16:13:31.386269
drvl49EhhnM,UCWJ2lWNubArHWmf3FIHbfcQ,2019-11-20 07:56:53.000000,2019-12-29 16:13:31.386155
B9NMR9EC8mU,UCWJ2lWNubArHWmf3FIHbfcQ,2019-11-21 09:06:36.000000,2019-12-29 16:13:31.386042
B9NMR9EC8mU,UCWJ2lWNubArHWmf3FIHbfcQ,2019-11-21 09:08:01.000000,2019-12-29 16:13:32.187865
IWHB-fmK_eg,UCWJ2lWNubArHWmf3FIHbfcQ,2019-11-23 22:23:24.000000,2019-12-29 16:13:31.385927
h1gNVBkJRA8,UCWJ2lWNubArHWmf3FIHbfcQ,2019-11-23 22:26:18.000000,2019-12-29 16:13:31.385813
UmHo9vWObzM,UCWJ2lWNubArHWmf3FIHbfcQ,2019-11-24 06:43:02.000000,2019-12-29 16:13:31.385698
kZ_BcGDOvnQ,UCWJ2lWNubArHWmf3FIHbfcQ,2019-11-25 05:55:12.000000,2019-12-29 16:13:31.385582
kZ_BcGDOvnQ,UCWJ2lWNubArHWmf3FIHbfcQ,2019-11-25 05:55:30.000000,2019-12-29 16:13:32.187825
47GvbJ7L7sQ,UCWJ2lWNubArHWmf3FIHbfcQ,2019-11-26 06:50:37.000000,2019-12-29 16:13:32.187785
47GvbJ7L7sQ,UCWJ2lWNubArHWmf3FIHbfcQ,2019-11-26 06:50:38.000000,2019-12-29 16:13:31.385466
xOit8qhpWDY,UCWJ2lWNubArHWmf3FIHbfcQ,2019-11-27 05:52:48.000000,2019-12-29 16:13:31.385337
xOit8qhpWDY,UCWJ2lWNubArHWmf3FIHbfcQ,2019-11-27 05:53:00.000000,2019-12-29 16:13:32.187745
mwXjQK_KHfg,UCWJ2lWNubArHWmf3FIHbfcQ,2019-11-28 07:45:30.000000,2019-12-29 16:13:31.385223
mwXjQK_KHfg,UCWJ2lWNubArHWmf3FIHbfcQ,2019-11-28 07:47:19.000000,2019-12-29 16:13:32.187704
G5HgtgXI1YU,UCWJ2lWNubArHWmf3FIHbfcQ,2019-11-30 06:55:26.000000,2019-12-29 16:13:31.385108
fng6nRU4iX0,UCWJ2lWNubArHWmf3FIHbfcQ,2019-12-01 05:20:45.000000,2019-12-29 16:13:31.384992
3f1qf3hpOP0,UCWJ2lWNubArHWmf3FIHbfcQ,2019-12-02 06:52:57.000000,2019-12-29 16:13:31.384876
3f1qf3hpOP0,UCWJ2lWNubArHWmf3FIHbfcQ,2019-12-02 06:53:10.000000,2019-12-29 16:13:32.187664
QkFa3BDa0EE,UCWJ2lWNubArHWmf3FIHbfcQ,2019-12-03 06:18:58.000000,2019-12-29 16:13:31.384759
tVyk6b5PUtY,UCWJ2lWNubArHWmf3FIHbfcQ,2019-12-04 16:33:52.000000,2019-12-29 16:13:32.187623
lKbLxewzCbo,UCWJ2lWNubArHWmf3FIHbfcQ,2019-12-05 07:31:13.000000,2019-12-29 16:13:32.187583
lKbLxewzCbo,UCWJ2lWNubArHWmf3FIHbfcQ,2019-12-05 07:31:14.000000,2019-12-29 16:13:31.384644
F8zGx-vFeCo,UCWJ2lWNubArHWmf3FIHbfcQ,2019-12-06 05:25:59.000000,2019-12-29 16:13:31.384526
F8zGx-vFeCo,UCWJ2lWNubArHWmf3FIHbfcQ,2019-12-06 05:28:10.000000,2019-12-29 16:13:32.187542
_WLs3KVO9Ic,UCWJ2lWNubArHWmf3FIHbfcQ,2019-12-07 08:30:37.000000,2019-12-29 16:13:31.384409
_WLs3KVO9Ic,UCWJ2lWNubArHWmf3FIHbfcQ,2019-12-07 08:31:29.000000,2019-12-29 16:13:32.187502
j0UQB26gGjM,UCWJ2lWNubArHWmf3FIHbfcQ,2019-12-08 07:25:17.000000,2019-12-29 16:13:31.384268
VaE5aKnu6Oc,UCWJ2lWNubArHWmf3FIHbfcQ,2019-12-09 07:22:41.000000,2019-12-29 16:13:31.384151
VaE5aKnu6Oc,UCWJ2lWNubArHWmf3FIHbfcQ,2019-12-09 07:22:48.000000,2019-12-29 16:13:32.187461
wHirueTlw1Y,UCWJ2lWNubArHWmf3FIHbfcQ,2019-12-10 07:26:23.000000,2019-12-29 16:13:31.384034
wHirueTlw1Y,UCWJ2lWNubArHWmf3FIHbfcQ,2019-12-10 07:27:50.000000,2019-12-29 16:13:31.383918
wHirueTlw1Y,UCWJ2lWNubArHWmf3FIHbfcQ,2019-12-10 08:00:31.000000,2019-12-29 16:13:32.187419
srtzZxLZ7z8,UCWJ2lWNubArHWmf3FIHbfcQ,2019-12-11 06:20:46.000000,2019-12-29 16:13:31.383803
EloxyywimBs,UCWJ2lWNubArHWmf3FIHbfcQ,2019-12-12 08:07:36.000000,2019-12-29 16:13:31.383688
iRM0y9gao2Y,UCWJ2lWNubArHWmf3FIHbfcQ,2019-12-13 08:04:03.000000,2019-12-29 16:13:31.383572
4BT-wpH1B2Y,UCWJ2lWNubArHWmf3FIHbfcQ,2019-12-14 12:33:05.000000,2019-12-29 16:13:31.383455
4BT-wpH1B2Y,UCWJ2lWNubArHWmf3FIHbfcQ,2019-12-14 12:35:23.000000,2019-12-29 16:13:32.187378
V_hknSLqlkE,UCWJ2lWNubArHWmf3FIHbfcQ,2019-12-15 07:17:48.000000,2019-12-29 16:13:31.383340
V_hknSLqlkE,UCWJ2lWNubArHWmf3FIHbfcQ,2019-12-15 07:24:05.000000,2019-12-29 16:13:32.187337
JI9tddbRctA,UCWJ2lWNubArHWmf3FIHbfcQ,2019-12-16 05:55:37.000000,2019-12-29 16:13:31.383226
0otP6D9GHS0,UCWJ2lWNubArHWmf3FIHbfcQ,2019-12-17 06:48:34.000000,2019-12-29 16:13:31.383110
UBGvuaAFMUE,UCWJ2lWNubArHWmf3FIHbfcQ,2019-12-18 08:26:41.000000,2019-12-29 16:13:31.382995
OjyX2_uj4xM,UCWJ2lWNubArHWmf3FIHbfcQ,2019-12-19 07:37:27.000000,2019-12-29 16:13:32.187296
OjyX2_uj4xM,UCWJ2lWNubArHWmf3FIHbfcQ,2019-12-19 07:37:28.000000,2019-12-29 16:13:31.382880
m6EAu8-I5-U,UCWJ2lWNubArHWmf3FIHbfcQ,2019-12-20 08:21:30.000000,2019-12-29 16:13:31.382767
m6EAu8-I5-U,UCWJ2lWNubArHWmf3FIHbfcQ,2019-12-20 08:27:00.000000,2019-12-29 16:13:32.187255
HAz1QTVCIgY,UCWJ2lWNubArHWmf3FIHbfcQ,2019-12-21 08:16:24.000000,2019-12-29 16:13:31.382654
HAz1QTVCIgY,UCWJ2lWNubArHWmf3FIHbfcQ,2019-12-21 08:17:18.000000,2019-12-29 16:13:32.187214
VZgMtak4IMw,UCWJ2lWNubArHWmf3FIHbfcQ,2019-12-22 07:51:21.000000,2019-12-29 16:13:31.382538
VZgMtak4IMw,UCWJ2lWNubArHWmf3FIHbfcQ,2019-12-22 07:51:22.000000,2019-12-29 16:13:32.187173
TU-V8t_vrQs,UCWJ2lWNubArHWmf3FIHbfcQ,2019-12-23 07:48:47.000000,2019-12-29 16:13:31.382423
mrMcLBuyLHI,UCWJ2lWNubArHWmf3FIHbfcQ,2019-12-24 08:07:21.000000,2019-12-29 16:13:31.382308
61CR7FpxrHA,UCWJ2lWNubArHWmf3FIHbfcQ,2019-12-24 08:25:10.000000,2019-12-29 16:13:31.382191
61CR7FpxrHA,UCWJ2lWNubArHWmf3FIHbfcQ,2019-12-24 08:25:23.000000,2019-12-29 16:13:32.187132
ey4w8UR3srM,UCWJ2lWNubArHWmf3FIHbfcQ,2019-12-26 08:46:35.000000,2019-12-29 16:13:31.382075
n2wpAl2Qslo,UCWJ2lWNubArHWmf3FIHbfcQ,2019-12-26 09:24:38.000000,2019-12-29 16:13:31.381956
n2wpAl2Qslo,UCWJ2lWNubArHWmf3FIHbfcQ,2019-12-26 09:25:43.000000,2019-12-29 16:13:32.187090
3fDlXpFVZ10,UCWJ2lWNubArHWmf3FIHbfcQ,2019-12-27 08:25:08.000000,2019-12-29 16:13:31.381835
3fDlXpFVZ10,UCWJ2lWNubArHWmf3FIHbfcQ,2019-12-27 08:28:36.000000,2019-12-29 16:13:32.187046
_TOcgNv9W2A,UCWJ2lWNubArHWmf3FIHbfcQ,2019-12-28 08:59:47.000000,2019-12-29 16:13:31.381710
9XS0FZah4ic,UCWJ2lWNubArHWmf3FIHbfcQ,2019-12-29 09:05:00.000000,2019-12-29 16:13:32.186991
9XS0FZah4ic,UCWJ2lWNubArHWmf3FIHbfcQ,2019-12-29 09:05:01.000000,2019-12-29 16:13:31.381561
